<?xml version="1.0" encoding="UTF-8"?>
<metadata xml:lang="en"><Esri><CreaDate>20220523</CreaDate><CreaTime>14290100</CreaTime><ArcGISFormat>1.0</ArcGISFormat><SyncOnce>FALSE</SyncOnce><DataProperties><itemProps><itemName Sync="TRUE">HOT_OSM_03_21_CHINA_HEALTH_FACILITIES</itemName><imsContentType Sync="TRUE">002</imsContentType><itemSize Sync="TRUE">0.000</itemSize><itemLocation><linkage Sync="TRUE">file://\\SAMHWK512ED0903\D$\Edwards, William WORKSPACE\Other\China Healthcare Facilities\HOT_OSM_03_21_CHINA_HEALTH_FACILITIES.shp</linkage><protocol Sync="TRUE">Local Area Network</protocol></itemLocation></itemProps><coordRef><type Sync="TRUE">Geographic</type><geogcsn Sync="TRUE">GCS_WGS_1984</geogcsn><csUnits Sync="TRUE">Angular Unit: Degree (0.017453)</csUnits><peXml Sync="TRUE">&lt;GeographicCoordinateSystem xsi:type='typens:GeographicCoordinateSystem' xmlns:xsi='http://www.w3.org/2001/XMLSchema-instance' xmlns:xs='http://www.w3.org/2001/XMLSchema' xmlns:typens='http://www.esri.com/schemas/ArcGIS/10.8'&gt;&lt;WKT&gt;GEOGCS[&amp;quot;GCS_WGS_1984&amp;quot;,DATUM[&amp;quot;D_WGS_1984&amp;quot;,SPHEROID[&amp;quot;WGS_1984&amp;quot;,6378137.0,298.257223563]],PRIMEM[&amp;quot;Greenwich&amp;quot;,0.0],UNIT[&amp;quot;Degree&amp;quot;,0.0174532925199433],AUTHORITY[&amp;quot;EPSG&amp;quot;,4326]]&lt;/WKT&gt;&lt;XOrigin&gt;-400&lt;/XOrigin&gt;&lt;YOrigin&gt;-400&lt;/YOrigin&gt;&lt;XYScale&gt;11258999068426.238&lt;/XYScale&gt;&lt;ZOrigin&gt;-100000&lt;/ZOrigin&gt;&lt;ZScale&gt;10000&lt;/ZScale&gt;&lt;MOrigin&gt;-100000&lt;/MOrigin&gt;&lt;MScale&gt;10000&lt;/MScale&gt;&lt;XYTolerance&gt;8.983152841195215e-09&lt;/XYTolerance&gt;&lt;ZTolerance&gt;0.001&lt;/ZTolerance&gt;&lt;MTolerance&gt;0.001&lt;/MTolerance&gt;&lt;HighPrecision&gt;true&lt;/HighPrecision&gt;&lt;LeftLongitude&gt;-180&lt;/LeftLongitude&gt;&lt;WKID&gt;4326&lt;/WKID&gt;&lt;LatestWKID&gt;4326&lt;/LatestWKID&gt;&lt;/GeographicCoordinateSystem&gt;</peXml></coordRef><lineage><Process ToolSource="c:\program files (x86)\arcgis\desktop10.8\ArcToolbox\Toolboxes\Data Management Tools.tbx\Merge" Date="20220523" Time="142905">Merge 'D:\Edwards, William WORKSPACE\Other\China Healthcare Facilities\Unzipped\hotosm_chn_center_health_facilities_points.shp';'D:\Edwards, William WORKSPACE\Other\China Healthcare Facilities\Unzipped\hotosm_chn_east_health_facilities_points.shp';'D:\Edwards, William WORKSPACE\Other\China Healthcare Facilities\Unzipped\hotosm_chn_north_health_facilities_points.shp';'D:\Edwards, William WORKSPACE\Other\China Healthcare Facilities\Unzipped\hotosm_chn_south1_health_facilities_points.shp';'D:\Edwards, William WORKSPACE\Other\China Healthcare Facilities\Unzipped\hotosm_chn_south2_health_facilities_points.shp';'D:\Edwards, William WORKSPACE\Other\China Healthcare Facilities\Unzipped\hotosm_chn_west1_health_facilities_points.shp';'D:\Edwards, William WORKSPACE\Other\China Healthcare Facilities\Unzipped\hotosm_chn_west2_health_facilities_points.shp' "D:\Edwards, William WORKSPACE\Other\China Healthcare Facilities\HOT_OSM_03_21_CHINA_HEALTH_FACILITIES.shp" "osm_id "osm_id" true true false 80 Double 0 80 ,First,#,D:\Edwards, William WORKSPACE\Other\China Healthcare Facilities\Unzipped\hotosm_chn_center_health_facilities_points.shp,osm_id,-1,-1,D:\Edwards, William WORKSPACE\Other\China Healthcare Facilities\Unzipped\hotosm_chn_east_health_facilities_points.shp,osm_id,-1,-1,D:\Edwards, William WORKSPACE\Other\China Healthcare Facilities\Unzipped\hotosm_chn_north_health_facilities_points.shp,osm_id,-1,-1,D:\Edwards, William WORKSPACE\Other\China Healthcare Facilities\Unzipped\hotosm_chn_south1_health_facilities_points.shp,osm_id,-1,-1,D:\Edwards, William WORKSPACE\Other\China Healthcare Facilities\Unzipped\hotosm_chn_south2_health_facilities_points.shp,osm_id,-1,-1,D:\Edwards, William WORKSPACE\Other\China Healthcare Facilities\Unzipped\hotosm_chn_west1_health_facilities_points.shp,osm_id,-1,-1,D:\Edwards, William WORKSPACE\Other\China Healthcare Facilities\Unzipped\hotosm_chn_west2_health_facilities_points.shp,osm_id,-1,-1;addrfull "addrfull" true true false 99 Text 0 0 ,First,#,D:\Edwards, William WORKSPACE\Other\China Healthcare Facilities\Unzipped\hotosm_chn_center_health_facilities_points.shp,addrfull,-1,-1,D:\Edwards, William WORKSPACE\Other\China Healthcare Facilities\Unzipped\hotosm_chn_east_health_facilities_points.shp,addrfull,-1,-1,D:\Edwards, William WORKSPACE\Other\China Healthcare Facilities\Unzipped\hotosm_chn_north_health_facilities_points.shp,addrfull,-1,-1,D:\Edwards, William WORKSPACE\Other\China Healthcare Facilities\Unzipped\hotosm_chn_south1_health_facilities_points.shp,addrfull,-1,-1,D:\Edwards, William WORKSPACE\Other\China Healthcare Facilities\Unzipped\hotosm_chn_south2_health_facilities_points.shp,addrfull,-1,-1,D:\Edwards, William WORKSPACE\Other\China Healthcare Facilities\Unzipped\hotosm_chn_west1_health_facilities_points.shp,addrfull,-1,-1,D:\Edwards, William WORKSPACE\Other\China Healthcare Facilities\Unzipped\hotosm_chn_west2_health_facilities_points.shp,addrfull,-1,-1;source "source" true true false 80 Text 0 0 ,First,#,D:\Edwards, William WORKSPACE\Other\China Healthcare Facilities\Unzipped\hotosm_chn_center_health_facilities_points.shp,source,-1,-1,D:\Edwards, William WORKSPACE\Other\China Healthcare Facilities\Unzipped\hotosm_chn_east_health_facilities_points.shp,source,-1,-1,D:\Edwards, William WORKSPACE\Other\China Healthcare Facilities\Unzipped\hotosm_chn_north_health_facilities_points.shp,source,-1,-1,D:\Edwards, William WORKSPACE\Other\China Healthcare Facilities\Unzipped\hotosm_chn_south1_health_facilities_points.shp,source,-1,-1,D:\Edwards, William WORKSPACE\Other\China Healthcare Facilities\Unzipped\hotosm_chn_south2_health_facilities_points.shp,source,-1,-1,D:\Edwards, William WORKSPACE\Other\China Healthcare Facilities\Unzipped\hotosm_chn_west1_health_facilities_points.shp,source,-1,-1,D:\Edwards, William WORKSPACE\Other\China Healthcare Facilities\Unzipped\hotosm_chn_west2_health_facilities_points.shp,source,-1,-1;addrcity "addrcity" true true false 80 Text 0 0 ,First,#,D:\Edwards, William WORKSPACE\Other\China Healthcare Facilities\Unzipped\hotosm_chn_center_health_facilities_points.shp,addrcity,-1,-1,D:\Edwards, William WORKSPACE\Other\China Healthcare Facilities\Unzipped\hotosm_chn_east_health_facilities_points.shp,addrcity,-1,-1,D:\Edwards, William WORKSPACE\Other\China Healthcare Facilities\Unzipped\hotosm_chn_north_health_facilities_points.shp,addrcity,-1,-1,D:\Edwards, William WORKSPACE\Other\China Healthcare Facilities\Unzipped\hotosm_chn_south1_health_facilities_points.shp,addrcity,-1,-1,D:\Edwards, William WORKSPACE\Other\China Healthcare Facilities\Unzipped\hotosm_chn_south2_health_facilities_points.shp,addrcity,-1,-1,D:\Edwards, William WORKSPACE\Other\China Healthcare Facilities\Unzipped\hotosm_chn_west1_health_facilities_points.shp,addrcity,-1,-1,D:\Edwards, William WORKSPACE\Other\China Healthcare Facilities\Unzipped\hotosm_chn_west2_health_facilities_points.shp,addrcity,-1,-1;name "name" true true false 80 Text 0 0 ,First,#,D:\Edwards, William WORKSPACE\Other\China Healthcare Facilities\Unzipped\hotosm_chn_center_health_facilities_points.shp,name,-1,-1,D:\Edwards, William WORKSPACE\Other\China Healthcare Facilities\Unzipped\hotosm_chn_east_health_facilities_points.shp,name,-1,-1,D:\Edwards, William WORKSPACE\Other\China Healthcare Facilities\Unzipped\hotosm_chn_north_health_facilities_points.shp,name,-1,-1,D:\Edwards, William WORKSPACE\Other\China Healthcare Facilities\Unzipped\hotosm_chn_south1_health_facilities_points.shp,name,-1,-1,D:\Edwards, William WORKSPACE\Other\China Healthcare Facilities\Unzipped\hotosm_chn_south2_health_facilities_points.shp,name,-1,-1,D:\Edwards, William WORKSPACE\Other\China Healthcare Facilities\Unzipped\hotosm_chn_west1_health_facilities_points.shp,name,-1,-1,D:\Edwards, William WORKSPACE\Other\China Healthcare Facilities\Unzipped\hotosm_chn_west2_health_facilities_points.shp,name,-1,-1;operatorty "operatorty" true true false 80 Text 0 0 ,First,#,D:\Edwards, William WORKSPACE\Other\China Healthcare Facilities\Unzipped\hotosm_chn_center_health_facilities_points.shp,operatorty,-1,-1,D:\Edwards, William WORKSPACE\Other\China Healthcare Facilities\Unzipped\hotosm_chn_east_health_facilities_points.shp,operatorty,-1,-1,D:\Edwards, William WORKSPACE\Other\China Healthcare Facilities\Unzipped\hotosm_chn_north_health_facilities_points.shp,operatorty,-1,-1,D:\Edwards, William WORKSPACE\Other\China Healthcare Facilities\Unzipped\hotosm_chn_south1_health_facilities_points.shp,operatorty,-1,-1,D:\Edwards, William WORKSPACE\Other\China Healthcare Facilities\Unzipped\hotosm_chn_south2_health_facilities_points.shp,operatorty,-1,-1,D:\Edwards, William WORKSPACE\Other\China Healthcare Facilities\Unzipped\hotosm_chn_west1_health_facilities_points.shp,operatorty,-1,-1,D:\Edwards, William WORKSPACE\Other\China Healthcare Facilities\Unzipped\hotosm_chn_west2_health_facilities_points.shp,operatorty,-1,-1;healthcare "healthcare" true true false 80 Text 0 0 ,First,#,D:\Edwards, William WORKSPACE\Other\China Healthcare Facilities\Unzipped\hotosm_chn_center_health_facilities_points.shp,healthcare,-1,-1,D:\Edwards, William WORKSPACE\Other\China Healthcare Facilities\Unzipped\hotosm_chn_east_health_facilities_points.shp,healthcare,-1,-1,D:\Edwards, William WORKSPACE\Other\China Healthcare Facilities\Unzipped\hotosm_chn_north_health_facilities_points.shp,healthcare,-1,-1,D:\Edwards, William WORKSPACE\Other\China Healthcare Facilities\Unzipped\hotosm_chn_south1_health_facilities_points.shp,healthcare,-1,-1,D:\Edwards, William WORKSPACE\Other\China Healthcare Facilities\Unzipped\hotosm_chn_south2_health_facilities_points.shp,healthcare,-1,-1,D:\Edwards, William WORKSPACE\Other\China Healthcare Facilities\Unzipped\hotosm_chn_west1_health_facilities_points.shp,healthcare,-1,-1,D:\Edwards, William WORKSPACE\Other\China Healthcare Facilities\Unzipped\hotosm_chn_west2_health_facilities_points.shp,healthcare,-1,-1;amenity "amenity" true true false 80 Text 0 0 ,First,#,D:\Edwards, William WORKSPACE\Other\China Healthcare Facilities\Unzipped\hotosm_chn_center_health_facilities_points.shp,amenity,-1,-1,D:\Edwards, William WORKSPACE\Other\China Healthcare Facilities\Unzipped\hotosm_chn_east_health_facilities_points.shp,amenity,-1,-1,D:\Edwards, William WORKSPACE\Other\China Healthcare Facilities\Unzipped\hotosm_chn_north_health_facilities_points.shp,amenity,-1,-1,D:\Edwards, William WORKSPACE\Other\China Healthcare Facilities\Unzipped\hotosm_chn_south1_health_facilities_points.shp,amenity,-1,-1,D:\Edwards, William WORKSPACE\Other\China Healthcare Facilities\Unzipped\hotosm_chn_south2_health_facilities_points.shp,amenity,-1,-1,D:\Edwards, William WORKSPACE\Other\China Healthcare Facilities\Unzipped\hotosm_chn_west1_health_facilities_points.shp,amenity,-1,-1,D:\Edwards, William WORKSPACE\Other\China Healthcare Facilities\Unzipped\hotosm_chn_west2_health_facilities_points.shp,amenity,-1,-1;capacitype "capacitype" true true false 80 Text 0 0 ,First,#,D:\Edwards, William WORKSPACE\Other\China Healthcare Facilities\Unzipped\hotosm_chn_center_health_facilities_points.shp,capacitype,-1,-1,D:\Edwards, William WORKSPACE\Other\China Healthcare Facilities\Unzipped\hotosm_chn_east_health_facilities_points.shp,capacitype,-1,-1,D:\Edwards, William WORKSPACE\Other\China Healthcare Facilities\Unzipped\hotosm_chn_north_health_facilities_points.shp,capacitype,-1,-1,D:\Edwards, William WORKSPACE\Other\China Healthcare Facilities\Unzipped\hotosm_chn_south1_health_facilities_points.shp,capacitype,-1,-1,D:\Edwards, William WORKSPACE\Other\China Healthcare Facilities\Unzipped\hotosm_chn_south2_health_facilities_points.shp,capacitype,-1,-1,D:\Edwards, William WORKSPACE\Other\China Healthcare Facilities\Unzipped\hotosm_chn_west1_health_facilities_points.shp,capacitype,-1,-1,D:\Edwards, William WORKSPACE\Other\China Healthcare Facilities\Unzipped\hotosm_chn_west2_health_facilities_points.shp,capacitype,-1,-1;building "building" true true false 80 Text 0 0 ,First,#,D:\Edwards, William WORKSPACE\Other\China Healthcare Facilities\Unzipped\hotosm_chn_center_health_facilities_points.shp,building,-1,-1,D:\Edwards, William WORKSPACE\Other\China Healthcare Facilities\Unzipped\hotosm_chn_east_health_facilities_points.shp,building,-1,-1,D:\Edwards, William WORKSPACE\Other\China Healthcare Facilities\Unzipped\hotosm_chn_north_health_facilities_points.shp,building,-1,-1,D:\Edwards, William WORKSPACE\Other\China Healthcare Facilities\Unzipped\hotosm_chn_south1_health_facilities_points.shp,building,-1,-1,D:\Edwards, William WORKSPACE\Other\China Healthcare Facilities\Unzipped\hotosm_chn_south2_health_facilities_points.shp,building,-1,-1,D:\Edwards, William WORKSPACE\Other\China Healthcare Facilities\Unzipped\hotosm_chn_west1_health_facilities_points.shp,building,-1,-1,D:\Edwards, William WORKSPACE\Other\China Healthcare Facilities\Unzipped\hotosm_chn_west2_health_facilities_points.shp,building,-1,-1;healthca_1 "healthca_1" true true false 80 Text 0 0 ,First,#,D:\Edwards, William WORKSPACE\Other\China Healthcare Facilities\Unzipped\hotosm_chn_center_health_facilities_points.shp,healthca_1,-1,-1,D:\Edwards, William WORKSPACE\Other\China Healthcare Facilities\Unzipped\hotosm_chn_east_health_facilities_points.shp,healthca_1,-1,-1,D:\Edwards, William WORKSPACE\Other\China Healthcare Facilities\Unzipped\hotosm_chn_north_health_facilities_points.shp,healthca_1,-1,-1,D:\Edwards, William WORKSPACE\Other\China Healthcare Facilities\Unzipped\hotosm_chn_south1_health_facilities_points.shp,healthca_1,-1,-1,D:\Edwards, William WORKSPACE\Other\China Healthcare Facilities\Unzipped\hotosm_chn_south2_health_facilities_points.shp,healthca_1,-1,-1,D:\Edwards, William WORKSPACE\Other\China Healthcare Facilities\Unzipped\hotosm_chn_west1_health_facilities_points.shp,healthca_1,-1,-1,D:\Edwards, William WORKSPACE\Other\China Healthcare Facilities\Unzipped\hotosm_chn_west2_health_facilities_points.shp,healthca_1,-1,-1"</Process></lineage></DataProperties><SyncDate>20220523</SyncDate><SyncTime>14290100</SyncTime><ModDate>20220523</ModDate><ModTime>14290100</ModTime></Esri><dataIdInfo><envirDesc Sync="TRUE"> Version 6.2 (Build 9200) ; Esri ArcGIS 10.8.1.14362</envirDesc><dataLang><languageCode value="eng" Sync="TRUE"></languageCode><countryCode value="USA" Sync="TRUE"></countryCode></dataLang><idCitation><resTitle Sync="TRUE">HOT_OSM_03_21_CHINA_HEALTH_FACILITIES</resTitle><presForm><PresFormCd value="005" Sync="TRUE"></PresFormCd></presForm></idCitation><spatRpType><SpatRepTypCd value="001" Sync="TRUE"></SpatRepTypCd></spatRpType></dataIdInfo><mdLang><languageCode value="eng" Sync="TRUE"></languageCode><countryCode value="USA" Sync="TRUE"></countryCode></mdLang><mdChar><CharSetCd value="004" Sync="TRUE"></CharSetCd></mdChar><distInfo><distFormat><formatName Sync="TRUE">Shapefile</formatName></distFormat><distTranOps><transSize Sync="TRUE">0.000</transSize></distTranOps></distInfo><mdHrLv><ScopeCd value="005" Sync="TRUE"></ScopeCd></mdHrLv><mdHrLvName Sync="TRUE">dataset</mdHrLvName><refSysInfo><RefSystem><refSysID><identCode code="4326" Sync="TRUE"></identCode><idCodeSpace Sync="TRUE">EPSG</idCodeSpace><idVersion Sync="TRUE">6.14(3.0.1)</idVersion></refSysID></RefSystem></refSysInfo><spatRepInfo><VectSpatRep><geometObjs Name="HOT_OSM_03_21_CHINA_HEALTH_FACILITIES"><geoObjTyp><GeoObjTypCd value="004" Sync="TRUE"></GeoObjTypCd></geoObjTyp><geoObjCnt Sync="TRUE">0</geoObjCnt></geometObjs><topLvl><TopoLevCd value="001" Sync="TRUE"></TopoLevCd></topLvl></VectSpatRep></spatRepInfo><spdoinfo><ptvctinf><esriterm Name="HOT_OSM_03_21_CHINA_HEALTH_FACILITIES"><efeatyp Sync="TRUE">Simple</efeatyp><efeageom code="1" Sync="TRUE"></efeageom><esritopo Sync="TRUE">FALSE</esritopo><efeacnt Sync="TRUE">0</efeacnt><spindex Sync="TRUE">FALSE</spindex><linrefer Sync="TRUE">FALSE</linrefer></esriterm></ptvctinf></spdoinfo><eainfo><detailed Name="HOT_OSM_03_21_CHINA_HEALTH_FACILITIES"><enttyp><enttypl Sync="TRUE">HOT_OSM_03_21_CHINA_HEALTH_FACILITIES</enttypl><enttypt Sync="TRUE">Feature Class</enttypt><enttypc Sync="TRUE">0</enttypc></enttyp><attr><attrlabl Sync="TRUE">FID</attrlabl><attalias Sync="TRUE">FID</attalias><attrtype Sync="TRUE">OID</attrtype><attwidth Sync="TRUE">4</attwidth><atprecis Sync="TRUE">0</atprecis><attscale Sync="TRUE">0</attscale><attrdef Sync="TRUE">Internal feature number.</attrdef><attrdefs Sync="TRUE">Esri</attrdefs><attrdomv><udom Sync="TRUE">Sequential unique whole numbers that are automatically generated.</udom></attrdomv></attr><attr><attrlabl Sync="TRUE">Shape</attrlabl><attalias Sync="TRUE">Shape</attalias><attrtype Sync="TRUE">Geometry</attrtype><attwidth Sync="TRUE">0</attwidth><atprecis Sync="TRUE">0</atprecis><attscale Sync="TRUE">0</attscale><attrdef Sync="TRUE">Feature geometry.</attrdef><attrdefs Sync="TRUE">Esri</attrdefs><attrdomv><udom Sync="TRUE">Coordinates defining the features.</udom></attrdomv></attr><attr><attrlabl Sync="TRUE">osm_id</attrlabl><attalias Sync="TRUE">osm_id</attalias><attrtype Sync="TRUE">Double</attrtype><attwidth Sync="TRUE">19</attwidth><atprecis Sync="TRUE">19</atprecis><attscale Sync="TRUE">0</attscale></attr><attr><attrlabl Sync="TRUE">addrfull</attrlabl><attalias Sync="TRUE">addrfull</attalias><attrtype Sync="TRUE">String</attrtype><attwidth Sync="TRUE">99</attwidth><atprecis Sync="TRUE">0</atprecis><attscale Sync="TRUE">0</attscale></attr><attr><attrlabl Sync="TRUE">source</attrlabl><attalias Sync="TRUE">source</attalias><attrtype Sync="TRUE">String</attrtype><attwidth Sync="TRUE">80</attwidth><atprecis Sync="TRUE">0</atprecis><attscale Sync="TRUE">0</attscale></attr><attr><attrlabl Sync="TRUE">addrcity</attrlabl><attalias Sync="TRUE">addrcity</attalias><attrtype Sync="TRUE">String</attrtype><attwidth Sync="TRUE">80</attwidth><atprecis Sync="TRUE">0</atprecis><attscale Sync="TRUE">0</attscale></attr><attr><attrlabl Sync="TRUE">name</attrlabl><attalias Sync="TRUE">name</attalias><attrtype Sync="TRUE">String</attrtype><attwidth Sync="TRUE">80</attwidth><atprecis Sync="TRUE">0</atprecis><attscale Sync="TRUE">0</attscale></attr><attr><attrlabl Sync="TRUE">operatorty</attrlabl><attalias Sync="TRUE">operatorty</attalias><attrtype Sync="TRUE">String</attrtype><attwidth Sync="TRUE">80</attwidth><atprecis Sync="TRUE">0</atprecis><attscale Sync="TRUE">0</attscale></attr><attr><attrlabl Sync="TRUE">healthcare</attrlabl><attalias Sync="TRUE">healthcare</attalias><attrtype Sync="TRUE">String</attrtype><attwidth Sync="TRUE">80</attwidth><atprecis Sync="TRUE">0</atprecis><attscale Sync="TRUE">0</attscale></attr><attr><attrlabl Sync="TRUE">amenity</attrlabl><attalias Sync="TRUE">amenity</attalias><attrtype Sync="TRUE">String</attrtype><attwidth Sync="TRUE">80</attwidth><atprecis Sync="TRUE">0</atprecis><attscale Sync="TRUE">0</attscale></attr><attr><attrlabl Sync="TRUE">capacitype</attrlabl><attalias Sync="TRUE">capacitype</attalias><attrtype Sync="TRUE">String</attrtype><attwidth Sync="TRUE">80</attwidth><atprecis Sync="TRUE">0</atprecis><attscale Sync="TRUE">0</attscale></attr><attr><attrlabl Sync="TRUE">building</attrlabl><attalias Sync="TRUE">building</attalias><attrtype Sync="TRUE">String</attrtype><attwidth Sync="TRUE">80</attwidth><atprecis Sync="TRUE">0</atprecis><attscale Sync="TRUE">0</attscale></attr><attr><attrlabl Sync="TRUE">healthca_1</attrlabl><attalias Sync="TRUE">healthca_1</attalias><attrtype Sync="TRUE">String</attrtype><attwidth Sync="TRUE">80</attwidth><atprecis Sync="TRUE">0</atprecis><attscale Sync="TRUE">0</attscale></attr></detailed></eainfo><mdDateSt Sync="TRUE">20220523</mdDateSt></metadata>
